2025-12-02_00-09-11,100,draft.py:2025-12-02_00-09-11
2025-12-02_00-12-43,100,draft.py:2025-12-02_00-12-43
2025-12-02_13-15-44,100,draft.py:2025-12-02_13-15-44
2025-12-04_11-08-38,0,draft.py:2025-12-04_11-08-38
2025-12-04_11-24-04,100,draft.py:2025-12-04_11-24-04
2025-12-04_11-24-05,100,draft.py:2025-12-04_11-24-04
2025-12-07_10-34-54,0,draft.py:2025-12-07_10-34-54
2025-12-07_10-37-15,0,draft.py:2025-12-07_10-37-15
2025-12-07_10-37-16,0,draft.py:2025-12-07_10-37-15
2025-12-07_10-45-28,0,draft.py:2025-12-07_10-45-28
2025-12-07_10-47-46,0,draft.py:2025-12-07_10-47-46
2025-12-07_10-47-56,0,draft.py:2025-12-07_10-47-46
2025-12-07_10-47-57,0,draft.py:2025-12-07_10-47-46
2025-12-13_12-58-19,0,draft.py:2025-12-13_12-58-19
2025-12-13_12-59-29,0,draft.py:2025-12-13_12-59-29
2025-12-13_13-02-43,0,draft.py:2025-12-13_13-02-43
2025-12-13_13-02-46,0,draft.py:2025-12-13_13-02-43
2025-12-13_13-03-00,0,draft.py:2025-12-13_13-03-00
2025-12-13_13-03-08,0,draft.py:2025-12-13_13-03-00
2025-12-13_13-03-21,0,draft.py:2025-12-13_13-03-21
2025-12-13_13-03-23,0,draft.py:2025-12-13_13-03-21
2025-12-13_13-03-24,0,draft.py:2025-12-13_13-03-21
2025-12-13_13-11-01,0,draft.py:2025-12-13_13-03-21
2025-12-13_13-11-01,0,draft.py:2025-12-13_13-03-21
2025-12-13_13-13-25,0,draft.py:2025-12-13_13-13-25
2025-12-13_13-13-26,0,draft.py:2025-12-13_13-13-25
2025-12-13_13-14-09,0,draft.py:2025-12-13_13-14-09
2025-12-13_13-20-20,0,draft.py:2025-12-13_13-20-20
2025-12-13_13-23-38,0,draft.py:2025-12-13_13-23-38
2025-12-13_13-26-41,0,draft.py:2025-12-13_13-26-41
2025-12-13_13-26-57,0,draft.py:2025-12-13_13-26-57
2025-12-13_13-27-41,0,draft.py:2025-12-13_13-26-57
2025-12-13_13-27-42,0,draft.py:2025-12-13_13-26-57
2025-12-13_13-27-42,0,draft.py:2025-12-13_13-26-57
2025-12-13_13-27-42,0,draft.py:2025-12-13_13-26-57
2025-12-13_13-27-43,0,draft.py:2025-12-13_13-26-57
2025-12-13_13-34-17,0,draft.py:2025-12-13_13-34-17
2025-12-13_13-36-01,0,draft.py:2025-12-13_13-36-01
2025-12-13_13-36-36,0,draft.py:2025-12-13_13-36-36
2025-12-13_13-36-47,0,draft.py:2025-12-13_13-36-36
2025-12-13_13-36-47,0,draft.py:2025-12-13_13-36-36
2025-12-13_13-37-02,0,draft.py:2025-12-13_13-36-36
2025-12-13_13-37-03,0,draft.py:2025-12-13_13-36-36
