2025-12-02_15-52-08,100,draft.py:2025-12-02_15-52-08
2025-12-07_10-48-05,0,draft.py:2025-12-07_10-48-05
2025-12-07_10-48-06,0,draft.py:2025-12-07_10-48-05
2025-12-07_10-48-07,0,draft.py:2025-12-07_10-48-05
2025-12-07_10-48-07,0,draft.py:2025-12-07_10-48-05
2025-12-07_15-09-52,0,draft.py:2025-12-07_15-09-52
2025-12-08_12-49-29,0,draft.py:2025-12-07_15-09-52
2025-12-08_12-49-31,0,draft.py:2025-12-07_15-09-52
2025-12-08_13-01-13,0,draft.py:2025-12-07_15-09-52
2025-12-09_15-25-57,0,draft.py:2025-12-09_15-25-57
2025-12-09_15-25-57,0,draft.py:2025-12-09_15-25-57
2025-12-09_15-54-39,0,draft.py:2025-12-09_15-54-39
2025-12-09_15-57-09,0,draft.py:2025-12-09_15-57-09
2025-12-09_15-57-33,0,draft.py:2025-12-09_15-57-33
2025-12-09_15-57-42,0,draft.py:2025-12-09_15-57-33
2025-12-09_16-09-59,0,draft.py:2025-12-09_16-09-59
2025-12-09_16-28-11,100,draft.py:2025-12-09_16-28-11
2025-12-09_16-34-33,100,draft.py:2025-12-09_16-34-33
2025-12-09_17-28-37,0,draft.py:2025-12-09_17-28-37
2025-12-09_17-38-43,0,draft.py:2025-12-09_17-38-43
2025-12-09_17-38-58,0,draft.py:2025-12-09_17-38-58
2025-12-09_17-45-45,0,draft.py:2025-12-09_17-45-45
2025-12-09_17-45-45,0,draft.py:2025-12-09_17-45-45
2025-12-09_17-46-21,0,draft.py:2025-12-09_17-46-21
2025-12-09_17-46-22,0,draft.py:2025-12-09_17-46-21
2025-12-09_17-46-23,0,draft.py:2025-12-09_17-46-21
2025-12-09_17-46-24,0,draft.py:2025-12-09_17-46-21
2025-12-11_00-09-52,0,draft.py:2025-12-09_17-46-21
2025-12-11_22-31-03,0,draft.py:2025-12-11_22-31-03
2025-12-11_22-31-04,0,draft.py:2025-12-11_22-31-03
2025-12-11_22-31-06,0,draft.py:2025-12-11_22-31-03
2025-12-12_19-15-15,0,draft.py:2025-12-12_19-15-15
2025-12-12_19-15-16,0,draft.py:2025-12-12_19-15-15
2025-12-13_12-02-14,0,draft.py:2025-12-13_12-02-14
2025-12-13_12-23-45,0,draft.py:2025-12-13_12-02-14
2025-12-13_12-24-54,0,draft.py:2025-12-13_12-24-54
2025-12-13_12-38-39,0,draft.py:2025-12-13_12-38-39
2025-12-13_13-37-50,0,draft.py:2025-12-13_12-38-39
2025-12-13_13-40-16,0,draft.py:2025-12-13_12-38-39
2025-12-13_13-46-08,0,draft.py:2025-12-13_13-46-08
2025-12-13_13-46-08,0,draft.py:2025-12-13_13-46-08
2025-12-13_13-46-11,0,draft.py:2025-12-13_13-46-11
2025-12-13_13-48-18,0,draft.py:2025-12-13_13-48-18
2025-12-14_16-23-41,0,draft.py:2025-12-13_13-48-18
2025-12-14_16-23-42,0,draft.py:2025-12-13_13-48-18
2025-12-14_16-23-42,0,draft.py:2025-12-13_13-48-18
2025-12-14_16-38-24,0,draft.py:2025-12-14_16-38-24
2025-12-14_16-38-24,0,draft.py:2025-12-14_16-38-24
2025-12-14_16-38-25,0,draft.py:2025-12-14_16-38-25
2025-12-14_16-38-27,0,draft.py:2025-12-14_16-38-25
2025-12-14_16-38-51,0,draft.py:2025-12-14_16-38-51
2025-12-14_16-40-58,0,draft.py:2025-12-14_16-40-58
2025-12-14_16-41-16,0,draft.py:2025-12-14_16-41-16
2025-12-14_16-41-18,0,draft.py:2025-12-14_16-41-16
2025-12-14_16-41-18,0,draft.py:2025-12-14_16-41-16
2025-12-14_16-41-51,0,draft.py:2025-12-14_16-41-51
2025-12-14_16-42-12,0,draft.py:2025-12-14_16-42-12
2025-12-14_16-42-19,0,draft.py:2025-12-14_16-42-12
2025-12-14_16-42-20,0,draft.py:2025-12-14_16-42-12
2025-12-14_16-42-20,0,draft.py:2025-12-14_16-42-12
2025-12-14_16-42-21,0,draft.py:2025-12-14_16-42-12
2025-12-14_16-42-21,0,draft.py:2025-12-14_16-42-12
2025-12-14_16-42-22,0,draft.py:2025-12-14_16-42-12
2025-12-14_16-42-23,0,draft.py:2025-12-14_16-42-12
2025-12-14_16-42-23,0,draft.py:2025-12-14_16-42-12
2025-12-14_16-42-24,0,draft.py:2025-12-14_16-42-12
2025-12-14_16-42-25,0,draft.py:2025-12-14_16-42-12
2025-12-14_16-42-27,0,draft.py:2025-12-14_16-42-12
2025-12-14_16-42-28,0,draft.py:2025-12-14_16-42-12
2025-12-14_16-44-53,0,draft.py:2025-12-14_16-44-53
2025-12-14_16-45-02,0,draft.py:2025-12-14_16-45-02
2025-12-14_16-45-38,0,draft.py:2025-12-14_16-45-38
2025-12-14_16-45-38,0,draft.py:2025-12-14_16-45-38
2025-12-14_16-46-00,0,draft.py:2025-12-14_16-46-00
2025-12-14_16-46-03,0,draft.py:2025-12-14_16-46-00
2025-12-14_16-46-04,0,draft.py:2025-12-14_16-46-00
2025-12-14_16-46-05,0,draft.py:2025-12-14_16-46-00
2025-12-14_16-46-17,0,draft.py:2025-12-14_16-46-17
2025-12-14_16-46-19,0,draft.py:2025-12-14_16-46-17
2025-12-14_16-46-20,0,draft.py:2025-12-14_16-46-17
2025-12-14_16-46-20,0,draft.py:2025-12-14_16-46-17
2025-12-14_16-46-20,0,draft.py:2025-12-14_16-46-17
2025-12-14_16-46-21,0,draft.py:2025-12-14_16-46-17
2025-12-14_16-46-21,0,draft.py:2025-12-14_16-46-17
2025-12-14_16-46-21,0,draft.py:2025-12-14_16-46-17
2025-12-14_16-46-21,0,draft.py:2025-12-14_16-46-17
2025-12-14_16-46-45,0,draft.py:2025-12-14_16-46-45
2025-12-14_16-47-00,0,draft.py:2025-12-14_16-47-00
2025-12-14_16-47-00,0,draft.py:2025-12-14_16-47-00
2025-12-14_16-47-19,0,draft.py:2025-12-14_16-47-19
2025-12-14_16-47-20,0,draft.py:2025-12-14_16-47-19
2025-12-14_16-48-35,0,draft.py:2025-12-14_16-48-35
2025-12-14_16-50-20,0,draft.py:2025-12-14_16-50-20
2025-12-14_16-50-20,0,draft.py:2025-12-14_16-50-20
2025-12-14_16-52-02,0,draft.py:2025-12-14_16-52-02
2025-12-14_16-52-02,0,draft.py:2025-12-14_16-52-02
2025-12-14_16-53-02,0,draft.py:2025-12-14_16-53-02
2025-12-14_16-56-22,0,draft.py:2025-12-14_16-56-22
2025-12-14_16-56-23,0,draft.py:2025-12-14_16-56-22
2025-12-14_16-57-36,0,draft.py:2025-12-14_16-57-36
2025-12-14_17-05-27,0,draft.py:2025-12-14_16-57-36
2025-12-14_17-05-56,0,draft.py:2025-12-14_16-57-36
2025-12-14_17-05-56,0,draft.py:2025-12-14_16-57-36
2025-12-14_17-12-57,0,draft.py:2025-12-14_16-57-36
2025-12-14_17-12-57,0,draft.py:2025-12-14_16-57-36
2025-12-14_17-12-57,0,draft.py:2025-12-14_16-57-36
2025-12-14_17-29-01,0,draft.py:2025-12-14_16-57-36
2025-12-14_17-29-01,0,draft.py:2025-12-14_16-57-36
2025-12-14_17-52-11,0,draft.py:2025-12-14_16-57-36
2025-12-14_17-52-11,0,draft.py:2025-12-14_16-57-36
