2025-12-08_13-00-39,0,draft.py:2025-12-08_13-00-39
2025-12-08_13-00-40,0,draft.py:2025-12-08_13-00-39
2025-12-08_13-01-27,0,draft.py:2025-12-08_13-00-39
2025-12-08_13-01-28,0,draft.py:2025-12-08_13-00-39
2025-12-08_13-08-26,0,draft.py:2025-12-08_13-08-26
2025-12-08_13-22-37,0,draft.py:2025-12-08_13-22-37
2025-12-08_13-22-38,0,draft.py:2025-12-08_13-22-37
2025-12-08_13-30-51,0,draft.py:2025-12-08_13-30-51
2025-12-08_13-30-51,0,draft.py:2025-12-08_13-30-51
2025-12-08_13-30-53,0,draft.py:2025-12-08_13-30-53
2025-12-08_13-30-53,0,draft.py:2025-12-08_13-30-53
2025-12-08_13-30-55,0,draft.py:2025-12-08_13-30-55
2025-12-08_13-30-59,0,draft.py:2025-12-08_13-30-55
2025-12-08_15-49-22,0,draft.py:2025-12-08_13-30-55
2025-12-08_16-43-43,0,draft.py:2025-12-08_16-43-43
2025-12-08_16-43-43,0,draft.py:2025-12-08_16-43-43
